{"Score": 0.672, "Balanced Score": 0.6550246083274655, "Confusion Matrix": [[157, 32, 23], [57, 130, 18], [28, 6, 49]], "ROC AUC Score": 0.8043001735427674}