{
    "Score": 0.692,
    "Balanced Score": 0.701468644943326,
    "Confusion Matrix": [
        [
            156,
            28,
            21
        ],
        [
            64,
            129,
            19
        ],
        [
            15,
            7,
            61
        ]
    ],
    "ROC AUC Score": 0.8170413360760115
}