{
    "Score": 0.84,
    "Balanced Score": 0.8147051159077173,
    "Confusion Matrix": [
        [
            189,
            8,
            8
        ],
        [
            33,
            172,
            7
        ],
        [
            18,
            6,
            59
        ]
    ],
    "ROC AUC Score": 0.9486535650193965
}