{"Score": 0.844, "Balanced Score": 0.8117274435986005, "Confusion Matrix": [[199, 7, 6], [34, 166, 5], [20, 6, 57]], "ROC AUC Score": 0.9361232782025478}