{
    "Score": 0.812,
    "Balanced Score": 0.7704841455097888,
    "Confusion Matrix": [
        [
            185,
            14,
            6
        ],
        [
            36,
            171,
            5
        ],
        [
            27,
            6,
            50
        ]
    ],
    "ROC AUC Score": 0.9151741341805325
}