{"Score": 0.784, "Balanced Score": 0.7539236559676349, "Confusion Matrix": [[189, 17, 6], [48, 150, 7], [28, 2, 53]], "ROC AUC Score": 0.9047811586890591}