{
    "Score": 0.688,
    "Balanced Score": 0.683070986199746,
    "Confusion Matrix": [
        [
            145,
            35,
            25
        ],
        [
            48,
            144,
            20
        ],
        [
            17,
            11,
            55
        ]
    ],
    "ROC AUC Score": 0.798414412366447
}