{"Score": 0.676, "Balanced Score": 0.6517507674508434, "Confusion Matrix": [[145, 46, 21], [47, 147, 11], [28, 9, 46]], "ROC AUC Score": 0.8169082681392852}